num_cidades,alfa_utilizado,beta_utilizado,resultado_distancia,tempo_segundos
232,2.1,4.9,1300.38,12.7744
271,1.97,3.12,1431.77,13.068
197,1.17,1.69,1279.46,28.9345
235,1.16,2.72,1386.22,10.9381
318,0.72,4.58,1637.0,15.9235
170,0.91,3.78,1094.61,22.9075
299,0.58,3.68,1558.31,16.006
284,1.63,4.63,1472.94,13.6768
365,2.25,2.28,1641.54,19.1413
398,1.69,2.72,1735.98,20.7375
220,1.55,4.32,1264.21,10.1357
90,2.49,3.88,835.12,5.6788
282,0.76,1.79,1824.42,14.1108
359,0.8,2.47,1901.31,18.0246
21,1.62,2.85,452.73,0.2197
55,1.51,4.84,696.62,1.7589
383,1.05,4.92,1662.74,20.5555
102,2.4,2.91,920.82,7.374
231,1.81,4.92,1229.68,10.0643
61,0.78,4.53,675.43,2.9684
279,1.89,4.63,1399.29,13.4871
211,0.94,1.71,1381.29,9.3714
35,1.9,2.21,517.2,1.0723
114,1.34,1.72,875.95,8.1284
74,2.41,4.23,685.65,4.2144
159,2.3,3.81,1099.69,17.3902
328,1.64,3.02,1567.68,16.1386
138,2.28,3.08,942.33,12.9927
114,2.36,2.57,900.7,8.9545
267,1.18,3.51,1403.53,12.5269
104,0.75,3.17,857.69,7.6054
346,2.19,3.18,1619.18,17.2579
262,2.23,2.19,1356.2,12.4555
400,1.58,3.3,1721.52,21.5591
377,1.97,1.71,1754.68,19.8853
399,2.01,3.54,1664.61,20.5966
146,2.14,3.99,1045.68,15.2685
307,0.65,4.06,1610.5,15.4682
108,2.43,2.59,906.74,7.2578
178,1.59,1.99,1129.52,23.0132
69,2.46,2.86,693.53,3.5841
359,1.24,1.76,1801.34,18.1432
95,1.49,2.9,775.98,6.3806
91,0.57,2.04,933.32,6.9478
299,1.23,2.24,1546.9,14.5309
59,1.47,4.16,656.66,2.7828
324,1.33,3.53,1570.59,18.2942
173,2.3,1.56,1096.78,21.7337
183,1.79,2.06,1103.78,24.1902
243,0.64,1.92,1728.92,11.3828
160,2.14,3.29,1048.05,21.2188
119,0.6,3.73,958.81,8.1703
137,2.29,4.25,983.45,11.2623
107,0.61,2.78,947.16,6.2174
49,2.29,2.41,656.77,0.8436
35,1.2,2.32,467.97,0.4193
89,0.74,3.86,783.81,3.6095
43,0.9,4.57,559.17,0.6281
139,0.55,2.59,1177.55,11.7002
93,1.37,4.61,869.93,4.9067
381,1.96,1.59,1622.53,29.3788
368,1.62,3.29,1641.72,26.8325
319,0.8,4.41,1612.82,20.7806
109,1.26,3.13,866.64,6.7696
81,0.68,3.91,836.41,2.7981
70,1.18,3.59,671.58,2.017
211,2.28,1.98,1267.41,10.1786
292,1.97,3.77,1477.17,16.5962
61,0.8,3.12,716.34,1.4501
200,1.36,2.09,1273.48,31.2748
25,0.72,2.38,394.24,0.2451
153,1.35,3.52,1074.8,14.77
120,0.73,2.41,1027.24,8.689
51,1.08,4.57,577.49,0.9482
208,1.08,3.81,1220.56,9.9003
382,1.38,3.55,1706.17,29.359
21,0.81,4.98,424.39,0.1541
219,1.25,2.71,1275.66,10.7144
183,2.06,3.5,1145.14,24.7108
97,2.48,4.43,798.08,4.448
365,0.91,4.03,1734.56,27.3858
266,1.64,3.38,1450.11,15.1575
354,1.34,4.87,1641.57,24.1713
199,0.72,3.15,1290.22,29.2374
314,1.02,3.48,1573.21,20.4026
93,1.64,4.68,758.64,4.0395
321,1.58,4.33,1553.57,21.084
260,2.11,1.99,1452.32,14.5621
67,2.33,2.95,743.36,1.7618
52,1.75,3.93,602.21,1.1924
80,1.38,2.92,744.92,3.4605
379,0.82,3.41,1892.02,27.9266
322,2.27,2.53,1540.77,21.243
140,0.7,1.88,1210.85,14.0978
205,2.11,4.84,1226.65,11.7423
275,1.48,1.62,1510.0,18.1773
377,2.42,1.64,1721.94,28.2211
323,2.32,1.96,1630.57,20.2012
101,0.84,2.24,879.97,5.8318
155,0.92,3.73,1062.55,15.7134
111,2.45,4.61,858.85,9.4862
119,0.72,3.78,932.25,7.3968
387,1.56,2.87,1715.53,29.9554
186,1.1,2.5,1214.19,25.1168
241,1.46,4.9,1295.01,12.6497
338,0.9,3.08,1667.23,24.0657
51,1.35,3.3,597.57,0.9768
76,1.43,2.15,758.12,2.5043
392,2.45,2.64,1689.78,30.9797
323,0.54,1.86,2179.24,24.178
39,2.49,2.16,597.99,0.5114
43,0.81,3.47,596.56,0.6965
308,1.56,3.45,1569.34,18.8821
221,1.05,4.16,1360.41,10.7357
228,2.35,2.56,1291.56,12.8394
262,2.45,2.25,1411.9,17.9776
141,2.17,3.31,1012.85,14.2857
132,1.2,4.85,1001.84,10.5848
175,0.59,3.48,1173.5,22.5771
123,1.44,2.46,881.17,8.077
140,0.57,4.41,1019.46,12.1727
369,1.19,2.33,1675.54,26.0796
220,2.35,4.8,1270.07,10.7316
351,0.9,4.7,1607.32,24.1016
125,0.63,3.53,983.67,9.2096
350,1.5,3.58,1556.86,24.113
381,2.14,4.82,1724.51,28.2592
23,2.23,2.93,468.67,0.2027
32,1.6,4.93,485.52,0.4969
370,0.95,3.37,1750.56,27.9886
328,2.35,2.12,1573.35,22.8639
202,0.8,3.85,1282.08,8.9197
213,1.68,2.27,1224.2,10.6697
79,1.18,4.38,796.61,2.9858
213,0.64,1.97,1487.15,10.0895
227,0.96,4.75,1310.35,11.6428
269,0.87,4.37,1426.57,15.7435
280,0.52,1.81,2031.84,16.1448
82,1.47,1.7,811.0,2.8895
144,1.81,1.75,1008.07,13.1327
44,1.21,2.25,551.77,0.7556
48,1.05,3.23,620.32,0.8551
301,0.7,2.64,1729.08,19.2899
93,2.28,3.39,861.3,3.9782
241,1.43,4.94,1267.57,12.5184
298,0.75,2.04,1733.19,19.5011
331,0.59,3.13,1751.81,24.0112
216,2.39,3.43,1289.72,10.9178
196,1.25,4.34,1158.74,33.8134
298,2.48,1.59,1518.73,19.0957
161,2.25,3.77,1084.66,21.6248
262,2.37,2.07,1394.02,15.4629
111,0.52,4.32,926.89,6.4439
87,2.43,3.09,769.51,5.2083
28,2.14,4.88,552.65,0.5857
35,1.9,2.71,463.47,0.7347
33,1.93,1.9,487.95,0.4034
51,1.79,3.83,558.38,0.9457
106,1.09,3.28,885.8,5.4467
29,1.73,3.82,483.19,0.3718
219,0.55,1.55,1853.22,13.2987
62,1.16,3.28,662.85,1.53
260,2.38,3.78,1370.51,14.9259
73,1.83,3.55,696.55,4.2151
343,0.81,1.84,2013.79,25.3733
23,0.87,2.55,449.87,0.1965
90,1.5,4.94,786.25,4.8768
59,1.8,3.22,672.77,1.8789
30,1.81,4.33,445.75,0.7566
158,1.98,4.37,1087.26,18.9303
44,0.59,4.66,517.2,0.7017
261,2.39,2.56,1415.48,14.0102
27,2.17,2.13,419.02,0.4942
75,1.54,3.56,738.6,4.2221
31,1.34,4.93,483.98,0.3094
102,2.07,2.74,894.97,5.0098
85,1.69,1.86,795.28,4.2846
128,1.21,2.15,982.84,10.299
21,2.31,3.85,401.39,0.3839
299,0.9,2.76,1629.31,20.877
32,2.29,2.51,522.64,0.3458
155,1.61,2.27,1077.22,16.0309
259,1.64,2.22,1411.96,16.4056
351,1.89,4.4,1548.59,31.4818
45,0.59,4.48,563.31,0.7255
48,0.6,1.54,647.93,0.8745
96,2.38,4.97,881.12,6.0263
104,1.23,4.0,844.21,5.5215
61,0.9,3.54,691.29,1.4625
73,2.02,3.2,745.96,3.1621
105,1.63,3.62,899.21,8.7675
39,2.26,3.05,547.43,1.2438
71,1.38,3.42,763.29,2.8768
32,0.74,1.72,522.95,0.3427
130,0.87,4.25,954.07,9.5877
294,2.33,3.21,1489.28,18.0445
42,1.55,2.18,564.39,0.6111
56,1.33,3.31,701.05,1.1981
29,1.62,4.81,435.42,0.3547
46,1.87,2.55,606.35,0.7437
91,0.94,3.3,825.98,8.436
357,0.53,3.4,1874.24,26.1775
71,0.6,3.08,693.43,2.0665
263,2.14,3.09,1400.58,14.9161
48,0.67,4.64,561.25,1.2342
44,1.41,4.2,553.71,0.7106
258,1.44,2.78,1390.3,20.5871
157,1.75,4.06,1067.17,20.0561
79,1.09,4.92,709.14,2.6327
28,1.46,4.9,491.14,0.3387
109,1.92,2.59,868.49,7.0792
114,1.01,4.63,926.21,7.7038
72,1.06,2.5,772.17,3.1901
21,1.97,1.51,409.81,0.1545
129,1.0,4.02,986.42,13.8614
29,1.6,4.98,405.51,0.3845
60,1.37,1.53,630.75,2.2368
301,0.87,2.6,1664.54,22.3936
99,2.4,3.14,874.28,5.5709
22,2.3,4.64,370.58,0.209
151,1.6,4.96,1026.8,18.1788
33,1.61,3.61,490.35,0.3702
192,2.4,4.2,1181.11,32.2339
147,0.98,3.51,996.72,16.1592
43,1.86,4.59,502.32,0.6533
385,1.05,2.68,1762.56,30.7803
129,0.69,4.02,999.65,12.4357
243,1.71,2.61,1358.53,13.5152
68,1.17,4.08,715.5,2.1771
136,1.55,1.59,1016.99,11.3036
175,2.1,2.87,1103.37,22.2355
37,0.52,2.81,538.56,0.4971
63,1.93,4.16,676.85,1.5664
93,0.68,4.69,825.56,4.8673
28,1.59,3.39,523.73,0.3446
215,1.21,3.27,1240.59,10.8075
136,1.58,3.3,1017.89,11.4528
69,0.7,4.65,672.96,1.9519
57,2.2,2.74,677.56,1.2006
156,1.58,2.04,994.08,15.6072
56,1.93,1.57,676.07,1.245
82,0.8,2.17,817.53,3.5599
57,0.54,1.6,774.0,1.6502
263,0.51,3.17,1594.06,14.4615
45,0.79,1.94,595.22,0.7364
213,2.22,4.56,1302.78,10.9784
226,1.22,3.62,1248.52,11.8962
60,2.03,4.4,679.67,1.417
271,0.98,4.09,1471.72,15.6232
125,1.35,3.87,947.09,9.4066
111,1.4,3.74,851.87,16.5303
281,2.42,2.38,1462.16,25.7162
43,0.93,1.5,537.97,0.9603
184,1.1,2.45,1142.32,37.4584
285,2.12,3.65,1462.64,23.8932
42,1.51,1.8,555.07,1.1718
37,0.92,2.63,489.89,1.064
141,2.34,2.91,1033.85,20.3105
21,1.69,4.25,368.52,0.2358
63,1.23,4.35,629.8,2.2658
21,1.21,3.21,353.57,0.271
109,1.49,2.38,894.45,10.1407
145,1.69,2.85,991.73,19.2592
33,0.52,3.27,478.19,0.5088
28,0.93,3.61,490.42,0.5115
125,2.12,3.44,950.36,13.9713
175,2.04,4.48,1093.33,32.4705
269,2.25,4.36,1457.85,23.3861
143,2.29,3.65,973.85,18.415
32,0.57,3.22,407.84,0.4967
99,2.25,3.88,833.51,8.4625
394,1.07,3.66,1780.91,43.7533
51,0.96,2.85,560.66,1.4454
197,2.01,3.97,1120.45,44.4078
42,1.13,4.9,621.51,0.9233
250,2.27,3.49,1402.98,19.1879
169,0.76,2.97,1146.24,29.172
345,1.84,2.48,1578.58,35.6942
72,1.92,2.49,690.62,3.1807
21,1.76,3.94,379.94,0.2358
104,0.96,1.67,908.77,9.2947
80,0.69,3.85,754.34,4.0506
243,1.23,4.34,1363.31,17.7807
24,2.2,2.64,435.79,0.3496
107,2.13,3.34,911.14,10.0437
193,2.29,3.22,1181.11,41.7305
245,1.2,1.91,1390.7,18.2764
218,1.1,3.71,1294.33,15.3987
295,0.92,4.61,1494.16,27.081
189,1.53,1.85,1169.61,39.1361
92,1.4,3.17,802.99,5.5894
209,0.95,4.21,1226.49,14.3884
297,0.57,1.62,2242.55,26.6356
39,1.72,2.18,574.45,0.7445
34,1.56,4.78,443.5,0.5466
64,0.62,1.51,786.68,3.2416
103,2.01,3.22,883.48,7.9544
39,1.11,4.9,538.51,0.7285
272,0.64,2.48,1654.86,23.624
357,1.05,2.12,1693.95,35.6768
26,2.29,2.58,465.48,1.0919
62,1.73,3.56,675.16,6.2999
201,2.22,3.94,1248.47,16.8505
99,2.27,3.66,834.18,10.1203
33,2.45,2.57,509.49,0.4905
20,0.53,3.35,391.15,0.2408
105,2.34,3.62,861.31,11.9162
21,2.35,4.11,368.87,0.3633
114,0.81,2.07,979.17,15.2978
155,1.7,2.47,1032.16,27.9727
29,2.18,2.47,537.19,0.5675
395,0.63,1.55,2618.22,46.0024
354,2.33,2.75,1641.04,36.2476
248,0.67,4.42,1370.12,22.6713
26,1.61,4.42,469.15,0.4285
100,0.72,3.47,886.51,7.3624
36,1.5,4.33,465.49,0.6451
26,2.5,3.77,513.4,0.4187
33,2.32,2.62,494.26,0.5267
324,2.31,2.48,1561.14,35.3163
229,1.87,4.03,1324.25,18.2002
319,2.42,3.5,1594.08,32.1863
117,1.35,2.93,859.72,12.0995
46,1.26,4.34,505.13,1.1885
83,0.91,1.93,841.59,5.3772
151,1.56,4.05,1071.08,24.9228
27,0.67,1.55,544.81,0.4522
105,0.98,4.49,885.3,9.709
23,1.3,2.3,359.22,0.5069
201,1.99,2.43,1195.48,15.3146
34,1.25,2.45,485.61,0.6508
165,2.25,2.36,1110.62,29.1415
54,2.3,4.96,700.38,1.6179
43,0.93,4.97,532.9,0.9407
25,2.49,4.38,446.04,0.3456
375,1.59,4.36,1705.79,41.9632
54,1.51,2.49,601.94,1.972
297,2.14,3.2,1496.8,27.8813
136,1.08,3.06,1066.07,17.7703
158,1.88,1.92,1060.55,27.6015
21,2.21,4.27,411.43,0.2656
71,1.63,1.51,752.48,3.1623
226,1.33,1.84,1317.54,16.7003
26,0.76,1.59,510.52,0.4652
102,0.55,4.21,914.59,9.6907
45,1.51,2.85,511.94,1.0522
134,2.12,2.04,959.77,16.7925
41,2.47,4.83,614.03,0.7896
27,1.68,4.04,464.12,0.4522
36,2.36,2.17,524.49,0.6249
255,1.09,1.63,1572.13,24.8658
25,2.48,4.96,423.1,0.4729
64,1.99,4.88,743.07,2.8054
45,0.51,3.23,579.63,1.3917
211,1.47,2.59,1281.92,15.6417
24,0.66,3.5,373.19,0.4018
322,0.69,2.65,1796.32,33.2502
62,0.93,4.57,632.21,4.1045
343,0.58,4.92,1685.54,35.8174
129,1.51,3.56,946.07,21.4624
39,1.23,4.51,489.8,1.4826
35,1.12,1.69,545.34,1.2346
79,0.83,4.31,766.36,5.0744
64,1.76,2.87,676.23,2.8824
106,1.89,3.17,867.03,10.6793
36,1.02,2.6,507.68,0.6801
77,1.55,4.35,729.04,3.726
166,2.39,4.72,1078.89,29.66
78,1.48,4.34,716.44,3.8929
298,0.58,3.82,1594.57,30.1807
45,1.96,4.99,574.33,1.668
142,1.63,3.65,959.68,20.6655
25,0.9,2.82,471.45,0.4137
139,1.68,3.96,1011.12,18.8528
27,0.63,1.63,488.47,0.4964
123,1.52,3.11,926.55,13.4665
150,1.93,3.89,1063.13,22.952
306,1.79,2.49,1537.12,28.9516
380,1.2,3.23,1752.7,41.6605
56,1.99,4.17,643.79,2.669
33,1.23,4.14,550.34,0.849
43,0.68,2.98,615.11,1.5259
36,1.12,4.41,436.74,0.7723
31,2.36,3.78,552.86,0.463
349,1.72,2.22,1682.16,34.7451
147,2.28,3.23,1033.53,22.4408
35,1.95,3.31,560.96,1.0304
105,1.61,3.15,821.73,9.4823
28,2.18,4.9,468.54,0.5565
113,2.31,3.06,905.88,11.8394
25,1.03,4.74,501.05,0.3753
30,1.05,3.71,493.39,0.5993
98,2.36,4.86,793.61,8.6642
319,0.6,1.76,2222.75,32.833
33,1.66,2.86,563.07,0.5302
74,2.29,1.72,703.88,3.4561
20,2.12,2.24,399.96,0.2254
102,1.13,2.27,839.52,10.1963
46,1.74,4.81,569.05,1.1437
367,0.71,3.57,1785.03,43.1947
83,1.71,3.19,805.09,4.6465
239,1.39,2.64,1350.61,18.3093
69,2.28,3.7,698.23,4.7343
221,1.24,2.13,1335.1,16.8412
78,1.25,1.7,833.99,3.9553
34,1.22,1.99,490.95,0.5653
115,1.74,2.25,862.96,12.4607
141,0.71,3.81,1037.55,18.3061
204,1.44,4.0,1226.51,14.7462
157,1.57,2.52,1025.04,26.5277
20,1.09,3.62,371.56,0.2356
94,1.25,3.3,783.79,6.0845
21,2.07,2.86,431.55,0.2456
24,2.36,4.51,435.78,0.4643
377,1.79,4.04,1638.36,42.8683
220,0.84,4.13,1286.47,16.9143
38,1.98,3.57,523.82,1.1513
85,1.35,3.39,749.21,6.3293
68,2.01,2.45,683.58,2.7425
59,1.6,3.88,684.8,1.9382
28,2.45,4.28,419.47,0.5324
132,1.1,2.73,978.86,16.3369
40,1.48,4.89,604.59,0.9123
76,0.71,4.52,712.41,5.6315
33,0.86,2.47,483.04,0.5289
304,2.46,3.06,1531.51,28.8167
175,1.27,4.6,1081.31,33.5223
163,0.52,1.63,1495.8,28.4543
184,1.69,2.13,1171.84,38.6829
367,2.46,4.5,1701.34,39.843
45,2.24,1.81,546.35,1.1276
84,1.34,3.61,735.18,6.019
73,1.59,1.64,758.59,4.0589
36,1.7,3.13,452.27,0.7631
306,1.42,4.96,1516.46,28.8969
22,1.23,2.25,416.05,0.2834
63,1.9,4.92,720.08,2.3548
160,1.74,1.52,1026.78,26.6801
85,1.14,4.03,767.71,4.7296
251,2.42,3.95,1346.27,21.6936
25,1.56,3.66,429.48,0.6339
120,0.86,3.41,927.33,11.6659
107,2.29,3.78,917.84,9.9989
105,1.43,4.87,889.48,9.8002
24,1.95,2.52,394.05,0.3314
34,1.1,3.79,469.68,0.5687
277,1.15,2.61,1489.18,22.7715
26,1.41,2.08,457.64,0.5862
163,0.87,2.09,1194.13,28.1376
52,1.44,2.58,595.52,1.7357
127,1.56,4.91,9818,23.482
97,1.36,4.71,8560,18.7915
20,0.99,1.89,3804,1.1304
164,1.91,3.09,10739,52.4272
161,2.44,2.89,10957,54.452
28,1.12,3.24,5096,1.7349
391,1.62,3.66,16282,87.8316
335,1.69,3.75,15753,62.0989
138,1.01,1.86,10246,29.7149
324,1.68,3.06,15621,58.7638
340,1.15,4.36,16314,60.051
353,0.65,4.86,17030,63.3772
44,1.26,2.62,5281,1.2931
131,0.7,2.65,10258,24.7127
20,0.65,4.04,3262,0.3403
121,1.95,3.01,9220,19.3876
20,2.28,4.84,3547,0.3399
69,1.16,1.59,7119,5.8357
31,0.64,4.02,5035,0.5064
343,0.65,4.25,17233,59.5687
84,0.72,3.48,7696,6.4166
320,2.33,4.74,15440,78.2628
216,1.08,4.64,12499,32.8998
263,1.89,3.42,13948,41.6363
96,1.4,1.75,8777,14.708
93,2.29,2.97,8572,12.5194
105,1.63,2.99,8441,16.0861
228,1.73,2.64,13183,30.3928
256,1.34,3.51,13600,37.3884
46,0.59,2.07,6423,1.484
153,0.82,2.49,11111,44.2634
20,0.92,3.75,4108,0.4716
344,2.35,4.19,16051,75.6728
84,1.84,4.69,7571,8.5321
32,2.07,2.21,5492,1.0003
24,1.92,2.24,4368,0.9544
175,1.5,4.38,11615,50.4628
31,1.36,1.51,4282,0.5537
284,1.95,1.92,14606,43.2732
128,0.89,2.69,9636,30.7059
32,1.04,1.69,4502,0.6379
208,0.52,4.34,12823,24.6778
168,0.62,3.61,11690,49.7977
313,0.64,4.55,15873,49.699
38,0.94,4.59,5596,1.4723
45,0.9,4.92,5557,2.2071
23,1.98,4.47,4402,0.475
357,0.51,4.74,17643,66.002
126,1.64,2.23,9462,26.9728
185,2.28,3.32,11119,62.6268
61,2.4,4.06,6799,4.1812
306,1.76,3.84,14754,48.3582
77,1.67,3.15,6975,5.3269
35,2.26,3.44,5507,1.0729
202,0.54,3.87,12883,23.4441
227,0.52,4.02,13265,28.2815
64,1.04,4.28,6375,3.2328
129,2.22,4.34,10050,23.3948
382,1.14,4.67,17657,73.7772
337,1.36,4.17,16316,59.0098
388,0.83,1.79,21250,73.9904
25,0.67,2.82,3787,0.6163
158,0.66,4.48,11225,38.179
54,0.88,3.67,5815,3.2972
81,0.69,3.18,7516,6.7331
67,0.66,1.75,7535,3.5636
237,1.44,2.18,12811,30.136
59,1.29,4.42,6176,3.326
209,2.09,3.6,12501,24.2839
91,0.7,4.86,8076,10.1546
53,0.88,2.5,6268,2.0208
53,1.8,2.43,6912,1.9185
39,2.38,2.14,5423,0.9185
176,1.73,4.55,11530,53.5921
71,0.72,3.87,7467,4.199
284,1.28,2.55,14933,43.1904
119,0.66,4.86,9461,17.9152
25,1.32,3.97,3862,0.6053
38,2.13,4.4,6006,0.8901
104,1.5,4.56,8474,12.9947
56,1.13,2.87,6587,2.3922
40,0.81,4.0,5403,1.6539
93,1.91,3.61,8584,10.0279
220,0.75,2.2,15431,26.8598
279,1.86,4.58,14431,40.7141
71,2.3,1.58,7652,4.2615
271,2.29,4.98,14797,39.5798
46,1.06,4.16,5761,1.4598
24,1.82,3.75,4503,0.5728
282,1.38,4.92,14278,41.945
34,0.98,2.35,5332,0.9493
45,2.47,4.78,5674,1.3318
161,1.23,3.45,10484,41.2728
20,2.24,2.61,4269,0.6048
153,0.74,2.47,11329,35.3324
77,1.02,1.88,7757,5.1222
55,0.85,3.59,6119,3.6783
21,1.02,3.3,3859,0.6646
270,1.02,2.45,14617,37.6765
127,0.95,1.52,9864,22.7664
103,1.35,2.95,8543,13.197
24,1.77,3.54,4160,0.5734
203,2.4,3.81,11865,23.366
28,0.79,3.02,3944,1.3875
50,2.45,4.53,5733,1.7929
39,1.45,4.97,5441,0.9812
46,1.5,2.14,6468,1.513
25,1.92,3.22,4155,0.6072
203,1.84,1.55,12658,25.1744
21,1.34,2.49,3776,0.3973
20,1.46,4.94,4000,0.3651
20,2.35,4.66,4194,0.3624
57,0.55,4.98,6591,2.3496
242,1.87,4.93,13525,31.3067
368,2.17,2.76,17056,68.4063
151,1.29,4.01,10498,34.0836
93,1.07,3.32,8117,10.3644
63,0.95,3.82,6585,3.2085
85,0.63,4.8,8048,7.7366
42,1.87,2.35,5176,2.0206
177,1.82,4.25,11436,52.0457
50,1.65,1.8,5559,2.0514
330,0.97,1.82,17923,55.4968
34,1.85,1.65,5573,0.6848
39,1.81,2.26,4986,0.9073
129,1.87,1.9,9450,23.3945
21,1.39,2.76,3542,0.3651
55,1.05,4.75,6684,2.2995
137,1.86,3.67,10216,26.7805
181,1.52,1.52,12144,57.1049
25,0.92,2.66,4382,0.6528
254,0.67,2.87,14855,33.3799
221,1.35,4.54,13051,27.1872
106,1.6,4.99,9047,13.8327
236,1.17,1.84,13876,29.4402
75,2.43,3.19,7003,6.0699
34,1.13,1.62,4991,1.1137
89,0.93,2.56,8018,7.478
79,2.1,3.13,7748,7.25
178,1.62,1.74,11166,52.5568
136,1.64,3.94,9724,26.6909
25,1.35,1.79,4541,0.5848
20,1.72,3.79,4203,0.3597
39,1.65,4.43,5691,0.9585
48,1.9,2.73,5870,1.8005
25,1.7,4.9,4044,1.0372
49,1.87,2.82,5609,2.7045
82,1.05,1.7,8065,6.2911
117,1.37,2.71,8720,16.9796
91,2.09,3.7,8223,9.8659
79,0.77,3.32,8293,5.5355
41,1.56,1.69,5495,1.0966
347,0.95,2.17,17772,62.0225
235,1.04,2.65,13627,31.4514
256,1.72,4.75,13439,34.2014
228,0.57,2.9,14559,28.3019
29,1.23,4.33,5067,0.914
122,1.86,1.82,9345,18.9857
96,1.13,4.34,8598,10.7943
76,1.98,4.16,7758,6.2347
92,2.46,4.73,8607,8.8731
69,1.99,2.95,7306,4.6434
293,1.81,4.09,15071,46.4961
91,2.08,4.15,8243,7.9357
184,0.5,3.23,11858,58.7276
71,1.82,2.95,7669,6.1255
34,1.86,1.73,5061,0.7384
277,1.63,4.99,14162,38.1748
148,0.98,1.97,10903,34.4668
154,1.29,3.31,10218,35.8803
257,1.06,4.46,14383,36.5705
150,0.62,1.59,13759,34.11
41,2.28,2.83,5329,1.1263
22,1.84,4.89,4488,0.462
186,1.8,1.87,11261,63.2413
213,1.82,1.83,13097,24.8137
141,0.51,2.97,11036,28.7829
319,0.91,2.3,17187,52.4908
137,1.26,4.49,9560,26.5936
33,2.04,1.89,5469,0.904
187,1.51,3.83,11484,60.1657
71,2.24,4.07,7279,4.2431
31,1.34,4.47,5135,0.5391
54,2.04,3.02,6624,2.1527
21,1.54,4.74,4490,0.3848
33,2.13,3.42,5292,0.7289
131,0.92,2.23,10489,24.5137
165,2.29,4.84,11299,43.8666
39,1.64,2.83,5448,0.9376
173,1.77,2.13,11152,50.908
55,2.32,3.63,6480,2.545
104,1.15,2.71,8334,13.0253
80,1.74,1.74,7452,5.8126
114,1.8,2.95,9342,16.1695
277,0.78,4.38,14933,40.8773
29,2.21,2.58,4931,0.9214
279,0.6,3.12,15965,41.1901
32,2.37,2.33,4040,0.5937
42,1.98,4.61,6305,1.1093
387,1.37,3.51,16873,75.0367
67,0.97,4.11,6288,3.6754
69,1.05,3.04,6862,4.9093
26,0.54,2.17,5112,1.2278
238,1.35,3.2,13394,30.814
224,0.55,3.96,13782,27.4766
367,2.3,4.43,17016,65.9971
222,2.37,2.25,13175,27.7499
284,0.54,4.31,15502,42.3485
137,1.63,4.34,10138,27.5256
112,2.24,2.12,9597,16.0983
218,1.79,3.12,12580,26.5156
23,1.47,2.83,4522,0.4913
138,1.55,2.91,10008,27.8383
77,1.35,2.74,7711,5.1277
65,0.79,2.67,7206,3.4032
100,2.07,4.85,8947,12.2506
91,1.97,1.54,8125,9.8427
160,2.09,2.86,10550,42.6526
40,1.55,3.79,5706,1.0339
342,1.45,1.96,16840,59.3268
65,1.42,3.26,6588,3.2653
263,1.62,1.6,14914,37.7371
52,1.46,3.94,5578,1.9229
141,0.51,2.13,12325,29.1059
23,2.47,4.02,3693,0.4602
137,1.89,4.43,10085,27.0566
96,1.08,2.89,7972,10.0412
175,1.31,2.83,11109,53.1222
384,0.7,4.46,18309,73.6212
138,1.75,2.47,9938,27.4826
119,1.71,3.32,9467,17.6795
27,0.94,2.95,4291,0.7226
175,1.71,2.88,11287,53.7654
236,1.59,2.03,13161,29.9587
309,0.6,4.09,16668,48.4511
63,1.1,4.83,6803,4.6504
130,2.26,4.4,9967,23.1191
63,1.35,3.3,6859,4.918
145,2.4,2.87,10680,30.5967
48,1.4,3.14,6353,1.6875
49,0.77,4.0,6172,1.6116
38,2.3,3.17,5971,0.8627
34,0.73,2.46,5258,0.7039
301,1.31,3.29,14547,46.3494
20,1.15,4.26,3724,0.3283
206,0.69,2.9,13187,24.3315
53,0.81,2.8,5885,1.9783
92,1.35,2.31,7746,10.2394
50,0.89,1.56,5989,1.7867
381,1.81,1.88,17126,72.3505
34,0.74,2.39,5195,0.7251
31,1.99,3.87,4839,0.535
20,1.17,1.76,4057,0.3483
317,0.82,4.82,16017,52.5461
73,2.42,1.54,7536,4.462
172,1.12,3.05,11583,48.5633
257,1.84,1.79,13820,36.7287
30,1.95,2.01,4698,1.0271
48,1.44,2.57,6273,1.607
268,1.07,3.44,14080,38.6624
81,1.85,4.79,7904,5.9689
22,0.97,4.12,4178,0.4376
43,0.54,3.83,5712,1.1807
73,2.07,2.04,7635,6.1155
139,1.1,4.36,9634,26.8654
82,1.24,3.78,8129,7.1211
40,0.79,4.53,4846,1.0947
23,0.97,4.07,4124,0.5013
337,0.69,3.06,17326,58.4266
122,2.14,4.22,8836,20.2677
21,1.48,4.71,4076,0.6942
92,0.61,2.82,8557,8.9562
118,1.39,2.9,9276,17.5013
206,1.31,3.98,12215,24.5171
54,1.52,3.64,6217,2.2954
117,2.03,2.11,9992,17.7175
21,2.19,2.43,4292,0.6765
92,0.8,2.68,8696,9.5594
68,2.45,4.75,7082,4.1904
63,1.73,3.4,7648,4.7315
49,0.7,3.02,5995,1.7646
24,2.25,4.49,5210,0.5746
39,2.49,2.57,4793,1.0245
72,0.88,3.54,7988,4.4233
127,1.83,4.34,9730,22.5476
21,2.19,2.44,4250,0.3959
38,2.35,2.61,5221,0.9334
152,1.9,3.85,10373,34.0909
30,1.35,4.57,4918,1.0219
205,0.62,2.1,15916,24.2905
25,0.88,4.16,4868,0.617
39,0.84,2.5,5315,0.9381
26,1.79,2.23,4720,0.6653
22,1.27,2.49,4560,0.457
66,1.54,1.87,6885,4.3472
38,1.14,2.15,4602,1.46
30,1.41,4.45,4836,1.6374
86,2.36,3.94,7802,7.1341
24,2.2,1.86,4145,0.5503
149,1.2,4.93,9952,33.0864
145,2.24,3.68,9892,34.13
217,0.94,3.92,13265,24.8223
260,0.89,2.31,14931,37.1307
31,1.17,1.85,6035,0.5388
150,1.45,3.71,10145,34.0946
155,0.51,2.07,13836,38.2924
138,2.09,2.26,9877,28.3766
258,1.33,1.65,14535,34.4471
107,1.49,3.67,8597,13.8547
328,1.44,3.85,15239,54.3788
63,1.72,4.3,6744,3.0582
202,0.51,3.73,13025,24.1888
326,0.57,4.96,16043,52.8162
176,1.25,4.75,10631,53.8687
113,1.23,1.52,9217,16.1396
60,0.54,2.25,6856,2.837
20,1.4,2.06,4206,0.4372
249,0.56,2.33,17094,33.9775
27,1.93,3.92,4584,0.7702
161,1.53,2.82,10781,40.1305
22,1.2,4.57,3795,0.7841
88,1.62,2.5,8159,8.2095
238,2.18,3.56,13213,31.0507
21,0.57,3.54,4086,0.3873
316,1.69,2.17,15721,51.9327
352,2.3,4.42,16906,62.6671
245,0.66,3.86,14509,32.0166
33,2.15,4.15,5110,0.7845
93,0.66,1.94,9629,10.0127
38,1.58,2.21,5313,0.9163
30,1.79,2.39,4900,1.0433
187,1.27,2.82,11673,61.5709
72,2.14,1.81,7399,6.1048
378,1.94,4.74,17250,71.4446
115,1.62,1.55,9274,16.6663
251,2.31,1.72,13918,33.8805
295,0.79,4.93,14988,45.2511
159,0.6,1.98,12728,39.4511
37,0.51,3.34,5251,0.8341
164,0.66,2.79,12809,43.4964
93,2.26,3.63,8366,10.2699
57,0.95,4.89,6403,2.4178
62,1.44,4.87,6547,3.0141
20,1.33,2.85,4083,0.3365
52,1.2,1.58,5986,1.9291
235,0.9,2.76,13811,30.5555
34,1.52,1.94,4766,1.0889
24,1.45,4.95,4167,0.979
21,0.56,3.72,4234,0.6304
122,2.19,1.89,9420,19.5894
86,1.11,1.71,8205,9.0416
21,1.37,2.38,3649,0.4346
80,1.2,4.39,7459,5.7625
37,2.03,1.51,5430,1.4021
72,2.26,4.91,8460,5.7936
78,0.53,2.48,7903,5.4309
215,1.98,3.93,12446,25.6477
27,1.78,3.56,4458,0.7525
39,2.23,3.72,6146,0.9655
80,2.22,2.2,7837,7.027
27,2.31,3.42,4388,1.3196
283,1.84,4.98,13963,41.7002
364,2.49,3.27,16980,67.1479
21,1.09,4.86,4407,0.3892
169,1.19,3.99,11146,46.4429
91,1.32,3.48,8189,9.8138
58,1.88,3.02,6704,2.4533
21,0.5,1.89,4142,0.3733
136,0.94,3.04,9964,26.6758
37,0.56,4.72,4782,0.7875
42,2.16,4.21,5741,1.2057
119,1.2,3.3,8936,17.9248
183,0.64,3.94,11537,57.9714
96,2.41,4.38,8734,11.3634
383,2.47,2.95,17433,76.4986
266,1.29,3.88,13122,38.8859
30,1.82,3.8,4695,1.0046
225,0.94,1.98,14794,27.7426
40,0.95,4.39,5144,1.0244
72,1.96,2.46,7332,4.6398
23,0.54,1.94,4721,0.8297
136,0.85,4.62,10184,26.1578
86,1.7,2.29,7980,9.009
237,1.0,4.01,13020,30.2688
43,2.48,1.57,5717,1.1797
69,1.18,3.84,6782,3.8497
62,0.99,1.91,6744,4.0716
291,0.96,4.71,15267,43.7907
46,1.5,3.68,6400,2.1017
51,1.12,4.39,5908,1.8096
38,1.28,4.53,5106,0.8906
72,1.86,3.17,7754,4.3488
22,1.18,2.25,4305,0.4474
38,0.88,3.9,5564,0.8738
79,0.81,3.25,8235,7.3138
119,2.28,4.31,9739,18.1869
52,2.2,3.2,6005,2.1013
67,1.22,3.57,6549,4.6251
45,1.62,1.74,5454,2.3009
57,1.6,3.34,6407,2.6177
21,0.95,2.19,4266,0.6358
178,2.49,3.14,11327,55.9815
20,1.41,2.78,3650,0.6292
34,2.24,3.96,4762,1.1797
54,2.41,2.56,5816,3.3091
169,1.16,2.52,11817,46.306
29,1.65,3.39,4769,0.8885
328,2.13,4.2,16076,55.0955
177,2.25,1.95,11701,52.5678
28,1.81,3.74,4833,0.8179
33,0.54,3.86,4747,0.6394
226,1.88,2.98,12781,27.9472
77,0.92,1.89,8070,6.882
27,1.64,4.89,4618,0.923
47,0.88,4.0,5865,1.4334
79,1.99,3.47,7236,5.7544
224,1.51,4.56,12766,27.5917
52,0.86,3.07,5790,1.9627
116,0.66,3.17,9402,16.905
34,1.9,2.16,5429,1.0841
34,1.66,3.4,4875,1.1147
34,2.18,3.19,5948,1.145
262,2.44,3.27,14532,36.3064
181,1.39,1.51,11804,56.7744
241,0.87,3.71,13799,30.7548
26,1.32,3.9,4113,0.7047
46,0.72,2.44,6340,1.4329
144,1.07,1.5,10634,30.31
37,2.35,4.89,5227,0.808
30,2.32,3.66,5363,1.0491
238,2.32,2.19,13263,29.6565
80,1.3,4.56,7608,7.7257
75,0.65,2.4,8254,4.8439
66,1.15,2.28,7564,3.5075
142,1.25,2.17,10232,29.1061
103,1.24,1.74,9337,12.8049
42,0.76,1.8,5412,1.1759
217,0.57,1.86,16637,26.2811
22,0.58,2.59,3501,0.4163
125,0.85,1.55,10893,21.4644
178,2.24,4.91,11176,52.3012
282,0.92,3.64,14868,40.7375
49,1.34,2.68,5645,1.6196
140,1.65,3.29,10318,28.5918
71,1.15,3.43,7139,4.1498
353,2.32,2.02,16302,61.4003
102,0.67,1.63,10027,12.5508
25,1.02,4.24,3572,0.569
396,1.94,2.38,17388,77.8717
58,1.33,1.9,6402,3.3762
39,1.49,2.66,5173,0.9926
333,1.7,4.99,15461,56.2961
151,1.52,4.6,10333,32.9443
88,1.83,2.48,7373,8.5399
33,1.52,4.91,4900,1.0129
31,0.72,1.8,4126,0.5837
45,0.86,3.26,5489,1.3922
369,2.34,3.31,16682,65.6957
98,1.04,3.86,8762,11.305
20,0.67,4.62,4226,0.3284
374,1.77,1.78,17322,68.5104
320,1.58,3.54,15251,51.1092
23,2.2,2.74,4687,0.4609
42,0.74,4.9,5412,1.1225
96,1.74,3.14,8017,11.2607
158,0.72,3.78,11292,39.5211
22,1.89,3.48,4597,0.4893
29,1.05,1.84,4676,0.864
108,0.59,1.95,10138,14.1357
105,0.98,1.67,8975,12.807
24,1.82,3.15,4909,0.9927
154,1.75,2.07,10567,35.6582
34,2.24,2.7,5689,0.751
217,1.3,4.61,12676,26.2899
304,0.86,2.07,17782,46.2241
21,0.87,2.94,3943,0.4195
119,1.34,3.34,9325,17.4161
378,1.19,4.85,17119,71.5331
205,1.9,3.41,11911,24.0906
116,1.47,2.66,9103,16.6809
21,2.2,1.57,4280,0.3734
40,1.49,4.37,5685,1.011
197,1.44,4.4,11917,70.8208
215,2.49,1.85,13003,24.4116
50,0.68,2.13,6372,2.9278
27,1.91,1.82,4621,1.2705
55,0.8,3.5,5886,2.2656
114,2.46,2.09,10248,16.0453
209,2.24,1.78,12837,23.796
73,1.49,1.96,6634,5.3475
131,0.79,2.29,10732,23.4968
26,2.4,2.35,5089,1.1918
366,1.5,3.38,16482,65.3349
205,2.13,3.09,11929,24.1073
395,1.0,2.17,18965,75.0707
35,1.83,3.11,4844,0.8539
204,1.16,1.91,12227,21.5411
42,2.03,3.27,5676,1.1262
365,1.91,4.76,16057,67.1547
333,2.45,3.47,16039,52.7958
49,1.0,4.32,5926,1.6543
349,1.35,2.26,16666,60.1799
121,0.65,4.84,9800,19.8984
45,0.84,4.65,5845,2.0524
130,1.18,4.51,9893,22.48
62,1.19,3.22,6515,3.6105
389,2.48,4.56,16965,77.5782
339,1.68,3.66,15719,54.8133
65,1.31,1.65,6621,4.8484
106,1.19,4.25,8557,13.2024
111,1.49,4.99,9213,15.2113
49,1.93,4.96,6282,1.6108
142,1.37,3.14,10315,29.4993
158,2.08,4.89,10326,37.0807
51,1.15,1.82,5093,2.0376
195,1.03,3.53,11435,70.155
35,0.89,3.8,4329,0.7561
171,2.24,2.3,11370,48.5919
25,1.02,2.9,4265,1.0208
210,2.36,4.24,12953,23.8785
22,1.92,2.76,4374,0.4904
395,2.04,3.7,17327,76.6104
33,0.92,4.46,5147,1.1231
22,2.13,3.23,3601,0.7684
326,2.13,3.31,15262,54.4443
396,0.63,3.46,19606,76.8791
29,0.51,4.66,4846,1.5427
33,1.23,4.91,4857,0.9751
35,2.3,2.78,5640,1.1271
73,1.83,2.48,7086,4.4153
79,2.31,3.3,7534,5.3161
65,1.71,2.17,6568,5.4876
24,1.08,1.63,4218,0.5339
61,1.23,2.03,6612,2.8317
31,2.09,2.36,4899,0.5597
54,2.39,4.03,6204,2.0139
98,1.78,2.36,8430,11.5241
152,2.35,2.87,10579,34.5905
199,2.08,2.53,12181,72.848
366,2.12,2.39,17169,66.789
23,1.18,2.96,4418,0.4769
69,0.67,1.63,7814,3.8196
56,2.43,3.42,6478,2.2893
43,1.23,4.35,5901,1.1541
189,1.04,2.05,12253,62.6951
64,2.44,2.73,6671,4.7716
41,1.03,2.99,5273,1.0427
20,1.56,4.13,3994,0.331
179,0.96,3.49,12034,53.1366
105,2.28,2.86,8839,12.8523
132,2.29,2.96,9177,22.8923
52,0.54,2.1,6035,3.2166
32,0.54,1.91,5298,1.0132
51,0.51,3.51,6276,2.0812
26,0.84,2.46,4570,0.6854
115,2.19,4.19,8675,17.1263
267,1.98,1.95,14558,36.0694
291,0.5,3.7,16671,43.035
45,2.03,3.17,5364,2.0433
26,1.24,2.33,4604,1.2102
27,0.54,3.67,5094,1.2883
211,0.79,2.5,13657,23.7411
73,1.48,3.75,7363,6.3588
35,1.3,2.83,4922,0.7425
54,1.74,3.55,6581,2.1086
236,2.14,3.61,13317,29.9373
51,0.75,4.3,6189,1.7869
276,1.11,4.68,14034,39.9902
295,1.59,4.12,15258,44.6344
110,1.48,4.62,9122,15.0012
222,1.88,3.12,13234,25.8865
30,1.69,4.97,5002,1.782
20,2.03,1.6,3815,0.5974
51,0.93,1.71,6282,1.9022
210,1.58,3.72,12230,23.2528
371,0.94,4.31,17172,68.8457
20,2.13,2.84,4215,0.3644
48,1.71,2.0,5719,1.6143
89,1.88,3.66,8033,9.1657
35,1.78,4.61,5094,0.7258
143,1.54,3.24,10317,29.8305
273,1.13,3.97,14536,37.8301
23,2.42,4.29,4542,0.8528
21,0.85,2.29,3669,0.634
31,0.88,4.08,5028,0.8673
46,1.18,1.72,6110,2.3035
41,1.3,4.54,5099,1.0792
97,1.09,2.84,8485,8.8282
66,0.66,1.68,7679,5.2683
310,1.23,3.41,15322,47.197
49,1.06,1.5,6805,1.589
86,0.89,1.94,7828,7.9763
53,2.0,2.5,5791,2.7295
69,0.75,3.57,7251,3.8533
61,1.38,3.69,6223,2.6984
67,0.71,4.24,7103,4.3336
350,1.96,3.53,16854,62.7288
126,0.88,2.72,10362,20.7018
155,2.35,1.6,10611,38.5647
163,0.83,2.75,11054,41.4704
369,2.43,4.42,16435,67.5925
37,0.72,2.18,5493,1.1129
154,1.91,4.52,10874,36.9369
20,2.13,2.34,4007,0.3473
43,1.59,4.51,5909,1.1398
27,2.42,2.2,4961,0.78
85,1.41,3.62,7131,7.7774
228,1.55,5.0,12758,26.2185
81,1.88,1.91,7360,7.7551
63,2.17,3.74,6674,3.0405
184,0.56,3.22,12868,58.805
87,2.33,4.16,8367,8.0778
48,1.4,3.53,5844,2.2216
66,1.92,3.98,6685,3.6812
101,0.98,2.17,8885,12.3718
393,0.52,2.3,22616,74.564
115,2.43,2.87,9155,16.4161
252,0.6,2.6,16660,32.5109
97,0.93,4.5,8185,11.0802
59,0.7,3.16,6535,2.5982
253,1.95,2.33,13775,32.9537
121,0.86,3.83,9357,20.3537
56,0.52,2.56,6486,2.3348
27,0.71,4.31,4548,0.7357
197,1.91,3.62,11569,71.214
109,1.88,2.6,9289,13.6124
56,2.07,3.2,6190,2.8032
297,0.59,4.01,16550,45.2093
28,2.23,4.19,4790,0.8614
282,2.26,3.97,14669,41.6338
67,1.01,3.33,6515,3.7244
212,1.46,3.97,12379,23.9501
115,2.19,1.83,8859,17.3722
75,1.01,2.53,7587,4.8364
33,1.5,3.02,5304,0.6147
47,1.24,3.97,5688,1.5262
217,2.06,3.07,13224,25.6947
110,1.11,4.22,9115,14.9189
229,1.88,4.2,12920,27.8042
63,2.06,1.81,7159,3.1229
28,1.9,4.11,4765,0.8737
59,0.96,1.73,6951,2.5122
58,2.09,2.58,6818,3.31
45,2.42,4.3,5778,2.3131
269,2.27,1.56,15202,37.254
57,1.04,3.44,6340,2.3832
157,1.03,3.34,10325,39.9627
26,1.34,4.91,3724,0.6877
32,1.56,4.04,5548,0.5862
78,0.96,2.53,7732,6.6624
392,0.92,4.01,18221,74.2503
90,1.96,3.57,8079,7.963
136,1.68,4.08,9695,27.2544
224,0.72,4.89,12832,27.6016
65,1.66,1.96,7579,3.39
38,2.41,2.66,5194,0.8796
47,1.13,3.94,5855,2.2977
42,1.03,3.37,5744,1.8968
20,1.45,2.22,4089,0.7262
32,2.25,3.46,5207,0.616
77,2.12,3.76,7547,5.0807
65,0.52,4.01,7524,3.3473
380,0.91,2.14,18560,72.4458
322,1.78,3.2,15441,53.3018
39,1.14,3.89,5057,0.9045
252,2.11,4.18,13912,32.0129
21,1.62,4.14,4099,0.3566
123,1.24,4.12,9427,19.6624
35,1.94,3.87,5497,0.9248
38,0.91,1.75,5061,1.4311
175,2.08,4.01,11322,51.4908
151,0.98,3.88,10481,33.9204
25,2.03,4.83,4403,0.6045
98,0.97,3.15,8753,11.4938
306,2.41,4.53,15076,53.3823
80,1.0,2.13,8345,5.8969
105,2.0,3.12,8207,13.8347
239,2.14,4.86,13578,30.5477
133,0.62,2.95,10102,25.2996
89,1.95,2.71,8465,7.2502
32,1.29,2.89,4973,0.5933
397,0.89,2.13,19484,78.6978
23,1.11,4.16,4471,0.9137
29,2.39,4.87,5334,0.896
36,2.13,1.55,5826,0.7901
262,1.62,2.0,14636,35.3186
69,1.66,2.84,6476,4.7512
357,1.16,1.8,17747,64.2386
40,0.54,4.32,4951,1.027
60,2.41,4.26,6610,2.7973
31,1.01,2.69,4938,0.555
20,0.63,2.62,4059,0.3239
22,2.45,2.55,4343,0.5165
26,2.2,4.86,5185,0.6856
39,0.69,3.77,5442,0.8876
198,1.45,2.04,12025,72.3487
104,0.6,3.9,8759,12.9435
27,2.41,3.31,4478,0.727
27,1.42,4.71,4407,0.7216
32,1.71,4.86,4456,0.5868
68,0.63,2.64,7065,2.4311
22,1.21,1.86,3845,0.2518
45,2.28,4.37,6392,0.8608
167,1.83,4.54,11319,22.314
25,0.64,4.72,4244,0.3344
114,1.33,2.14,9636,8.018
178,1.1,2.71,11326,26.6386
20,2.17,2.37,3203,0.1913
233,1.48,4.38,12792,13.7368
48,1.33,3.65,6003,0.9677
273,1.67,1.62,14375,20.6443
67,0.56,3.62,6704,2.2107
35,2.4,2.06,4619,0.4614
359,0.74,4.68,17304,30.8742
360,1.26,1.83,17001,30.6232
124,1.2,4.56,9357,10.1034
149,0.99,3.03,11178,16.3789
52,1.71,3.36,5720,1.1857
58,2.34,1.85,6094,1.5452
119,1.65,4.64,9333,9.4596
287,0.68,3.12,16141,21.088
31,1.31,2.08,4653,0.39
23,2.37,4.29,3712,0.3099
328,1.13,2.56,16253,27.0474
81,2.43,4.85,7686,3.4999
129,1.67,2.91,9877,10.8614
32,0.73,4.84,4502,0.3642
87,1.9,3.27,7853,4.0531
273,0.64,1.97,18688,18.6933
70,0.77,2.24,6337,2.4295
30,1.07,3.38,4585,0.5647
253,0.94,3.57,13958,16.6855
41,1.39,1.71,5226,0.6533
216,1.86,4.62,11798,13.7114
59,1.53,2.76,6664,1.5939
178,1.99,3.71,11105,28.4078
46,1.16,1.88,6294,0.9395
60,2.24,4.41,6461,1.7313
87,0.81,3.01,7978,4.2751
46,0.69,4.75,6541,0.8851
146,1.83,2.18,10237,16.9307
353,1.17,1.52,18266,31.5465
69,0.57,4.04,7518,2.2907
27,2.37,3.55,4840,0.4361
265,1.61,3.64,13481,19.3667
30,1.89,2.02,4394,0.5979
31,0.87,2.09,4826,0.3374
42,1.64,3.66,5317,0.7161
135,1.96,3.29,9738,13.3867
92,1.35,2.12,7756,4.9688
50,0.72,4.6,6483,1.2211
278,2.43,3.81,14677,19.6345
27,1.78,2.4,4971,0.4391
116,2.33,3.81,8847,8.6497
55,2.16,3.56,6281,1.3559
109,2.45,2.51,8686,7.5861
254,0.64,3.36,15125,16.7793
56,0.56,4.03,6297,1.4356
20,1.38,2.29,3683,0.2006
155,1.68,3.42,10571,18.4522
30,0.93,1.89,5470,0.5672
204,1.54,1.51,13040,11.5265
188,0.87,3.42,11220,31.419
255,2.2,2.57,13890,16.4386
288,1.9,1.82,14737,21.395
228,0.84,2.05,14407,13.751
107,2.14,2.67,8931,6.9981
217,0.95,2.08,13846,12.5799
61,0.55,2.05,7153,1.7235
372,1.1,3.62,17227,33.1172
33,0.73,2.11,5207,0.4035
252,0.5,1.96,19144,16.3081
325,1.96,4.37,15691,27.2577
94,2.13,4.61,8497,4.9975
144,0.99,2.48,10693,15.5269
86,1.47,4.44,7865,4.2982
20,1.03,4.91,3980,0.1973
66,1.1,2.79,7133,2.1818
74,1.05,3.82,6709,2.8963
25,1.2,4.6,3876,0.337
151,0.82,1.57,11800,17.7932
49,2.04,2.19,5966,1.0005
359,1.38,4.27,16287,31.7461
381,1.29,3.97,16819,36.8269
23,0.59,2.85,4655,0.2822
89,1.52,3.0,7611,4.6176
33,1.13,3.49,5395,0.395
121,1.93,2.37,9046,9.518
36,2.18,2.19,5781,0.5281
31,1.87,3.21,4922,0.3597
263,2.38,4.95,14181,17.7827
163,1.22,4.14,10843,20.8723
27,1.09,3.31,5136,0.4106
79,1.51,3.56,7538,3.2409
39,1.06,4.18,6047,0.5867
20,0.71,3.5,3891,0.1966
31,2.31,2.68,4653,0.3269
60,0.54,2.58,7435,1.6792
30,0.79,1.7,4668,0.567
99,2.06,3.88,8560,5.5763
25,1.87,4.31,4597,0.3376
62,0.52,3.15,7243,1.7975
26,0.98,1.9,4617,0.3924
34,1.56,4.19,4490,0.4489
40,2.23,3.19,5770,0.6376
168,0.99,4.43,11191,22.7105
106,2.26,2.28,8513,6.9589
96,1.82,3.1,8846,5.4657
32,1.46,2.03,5348,0.378
30,0.62,3.73,5189,0.5666
82,0.8,3.84,7738,3.7214
188,0.79,1.56,14938,30.8384
136,1.06,3.44,10779,13.4251
105,2.09,4.39,8577,6.8038
23,0.5,2.08,4055,0.2822
193,1.82,3.46,11638,33.5063
195,2.35,4.04,11862,34.7029
46,0.82,1.82,5752,0.887
159,1.66,4.26,10202,19.5394
200,1.95,2.12,11731,37.8112
254,0.69,2.5,16044,16.4108
38,0.7,4.21,5515,0.5811
20,0.99,2.39,4300,0.1975
201,1.6,2.18,12493,11.1102
182,1.31,3.03,11632,28.4352
288,1.72,2.23,14382,20.9152
149,0.63,2.69,11564,16.6528
167,1.57,2.81,10936,22.9763
216,1.56,2.92,11952,13.3917
59,2.03,2.3,6230,1.7288
40,2.22,3.72,6062,0.6649
50,1.52,3.46,6519,1.2123
57,0.66,4.66,6571,1.5786
22,2.25,4.58,4572,0.2702
28,0.54,3.87,4267,0.5351
340,0.82,4.96,15835,30.6822
288,1.13,2.09,16152,22.2006
390,2.48,2.06,18072,39.8335
84,1.03,1.97,8174,3.8238
51,1.07,1.92,6236,1.1395
245,1.15,4.75,13337,16.7027
146,2.5,1.66,10232,16.908
217,1.49,4.3,12937,13.7098
86,0.8,1.65,8726,4.15
189,1.86,4.49,11597,31.8645
157,0.57,3.03,10850,19.3364
35,0.8,2.31,5427,0.4701
20,1.1,2.92,3850,0.2041
165,2.28,3.43,10764,22.7474
175,1.71,3.85,10800,26.2608
155,0.66,4.2,11268,19.167
143,2.24,3.3,10436,15.1701
61,0.8,3.16,7316,1.7864
73,0.84,2.66,7265,2.7301
56,0.52,4.58,6245,1.4866
21,0.91,3.37,4278,0.2239
57,2.2,1.63,6938,1.4877
22,1.94,4.96,4390,0.257
94,0.83,2.76,7969,5.2398
22,1.98,2.25,3877,0.2585
23,0.97,4.08,4280,0.2821
117,0.65,2.43,10150,9.0712
21,1.71,3.59,4247,0.2232
21,1.49,1.64,3557,0.2224
361,1.41,4.18,16311,32.892
222,1.65,1.85,12649,13.5969
43,2.0,1.52,6104,0.7505
297,2.48,3.47,15251,24.2924
268,2.15,4.0,14233,19.481
61,0.67,1.53,7936,1.7609
25,1.43,2.8,4691,0.3539
79,1.54,4.39,7607,3.291
74,1.11,4.87,6675,2.8987
300,2.02,2.5,14996,24.63
82,1.16,4.5,7655,3.7247
20,0.64,3.79,3695,0.2145
24,2.1,3.83,4687,0.3461
155,2.48,4.18,10780,20.0877
370,2.24,4.66,16621,33.1135
65,0.88,3.74,6552,2.0827
63,1.23,2.96,7077,1.8621
268,1.74,4.06,13558,18.6747
26,2.33,1.8,5027,0.4146
53,1.91,2.25,6009,1.3151
105,2.12,1.67,9413,7.3625
256,1.85,1.51,14303,17.4068
159,1.56,2.26,10885,19.6238
23,0.82,2.59,4230,0.2699
23,1.25,3.63,4415,0.2715
39,1.1,4.93,4961,0.5823
73,2.06,2.61,8033,2.6988
161,1.09,1.99,11145,20.5521
112,2.37,4.26,9115,8.0703
43,2.22,4.32,5751,0.7534
380,1.7,2.74,17518,34.4834
97,0.7,3.34,8030,5.5291
193,0.75,4.04,12268,33.72
38,2.44,3.71,5718,0.5907
78,2.03,4.54,6935,3.3587
35,1.37,2.13,5393,0.4675
48,1.93,2.39,6134,1.0097
341,2.06,2.31,16010,30.5097
71,2.18,4.73,7177,2.7901
364,1.57,4.93,16458,33.8534
131,1.91,3.69,9659,12.2348
389,0.73,4.46,17563,37.9975
22,1.56,3.45,4368,0.2613
70,1.61,3.29,7705,2.6026
79,1.48,4.98,7475,3.475
321,1.37,2.9,15557,27.1708
275,1.49,4.84,14008,21.4687
262,0.64,1.89,18428,19.3108
35,2.31,3.83,4848,0.4647
90,1.35,2.03,7770,4.9216
37,1.78,4.26,5366,0.5202
324,2.31,3.28,15071,27.5128
45,1.69,2.91,6676,0.8744
129,1.63,1.71,9588,12.3738
47,0.79,2.47,5601,0.9462
348,1.93,2.39,16582,31.8209
153,0.54,4.27,10907,19.2175
47,2.42,4.43,5526,0.9918
93,2.34,1.59,8334,5.236
39,1.82,3.52,5465,0.588
26,1.01,2.91,4244,0.4174
51,1.68,4.86,6136,1.1724
23,2.3,2.89,3954,0.291
354,2.21,4.35,15370,32.5774
93,2.23,2.51,8018,5.3045
219,2.39,4.25,12560,14.036
124,1.95,2.71,9540,11.6825
198,0.79,3.71,11795,38.3363
199,0.68,4.93,12779,36.7193
129,1.26,2.24,10082,11.5295
270,0.73,4.6,13816,18.9147
95,1.9,1.72,7796,5.3755
362,1.7,3.36,16910,31.7545
252,0.94,2.15,14852,16.6224
225,0.75,1.86,16451,13.5458
21,1.28,4.47,4672,0.2279
74,1.85,1.67,7860,2.8683
81,2.14,3.05,8223,3.6182
226,2.43,2.02,12740,13.9582
287,0.75,2.39,16661,20.6971
172,1.2,3.32,11743,25.2636
265,1.45,4.95,14111,18.3702
191,0.52,2.07,14736,33.0272
378,0.98,4.43,17662,34.4599
24,0.81,2.17,4416,0.3184
27,2.37,3.12,5188,0.4376
21,1.87,4.87,3656,0.2327
26,0.92,2.03,4188,0.3993
268,1.85,4.38,13903,18.3199
42,2.05,2.98,5239,0.7246
164,1.52,4.41,10830,22.2206
41,1.56,3.27,5684,0.659
25,0.93,4.73,4161,0.3422
73,1.15,2.17,7465,2.7238
30,1.78,3.09,4736,0.5854
354,2.1,2.7,16346,31.0993
179,1.73,3.01,11344,27.9623
58,1.02,4.88,6548,1.5731
30,2.21,3.9,5207,0.5815
271,1.44,4.43,14618,18.8484
233,0.64,1.61,18219,14.2057
299,1.3,4.9,14934,22.7219
108,1.57,2.31,8563,7.4467
31,1.0,4.93,5286,0.3785
306,2.25,2.61,15262,23.8998
42,1.92,1.76,5854,0.7388
169,0.61,4.69,11361,23.47
40,2.42,4.78,5428,0.6575
35,2.24,3.16,5593,0.4634
37,2.05,2.97,5712,0.5148
108,1.49,3.52,8610,7.5934
67,2.18,1.85,7306,2.2208
37,2.09,3.65,5223,0.5581
40,1.94,2.51,5111,0.6641
368,1.84,2.17,17065,33.2923
174,1.09,3.1,11788,25.5915
92,1.71,2.46,8378,5.0251
34,1.25,2.29,4832,0.4351
101,2.11,4.48,8779,6.2283
82,0.68,2.92,7500,3.726
27,1.5,2.23,4439,0.4247
148,0.61,3.94,11619,16.6956
147,1.55,4.58,10273,16.2964
38,1.56,4.4,5836,0.5991
25,1.98,3.49,3853,0.3487
335,1.06,4.83,15342,27.4578
156,2.45,4.6,10738,19.2228
335,1.45,3.05,16465,28.6523
37,2.28,4.43,5462,0.5229
97,2.38,4.57,8429,6.1048
393,1.83,1.95,17659,40.4248
49,1.02,3.69,6006,1.0848
59,2.09,4.53,6387,1.6751
39,0.53,2.42,5118,0.605
30,2.47,3.45,4936,0.6186
249,0.69,2.02,16711,17.1801
39,1.7,3.68,5621,0.5799
40,2.1,2.55,4589,0.6576
37,2.17,3.41,5254,0.5167
30,0.82,3.09,5319,0.6042
299,2.47,2.92,14983,24.0123
384,1.44,3.72,17110,38.0668
168,1.51,4.8,11384,25.9205
105,0.62,2.53,9884,7.4037
73,2.43,4.46,7037,2.7955
297,1.87,2.93,14966,24.8033
305,2.35,2.19,15291,24.2404
214,0.58,1.67,17152,12.112
76,1.13,1.94,7775,3.0508
49,0.6,3.97,5691,1.0082
37,1.84,3.57,4621,0.5027
26,1.31,4.04,4362,0.3911
112,1.98,3.02,9143,7.9193
60,1.1,3.84,6811,1.6955
67,2.19,2.7,7224,2.2085
244,1.99,3.76,13791,15.0252
314,1.2,2.04,15833,24.349
22,0.51,4.42,5070,0.2551
368,1.83,3.92,16207,33.5525
112,0.68,2.71,9824,8.035
253,2.22,1.54,14240,16.5831
49,1.15,4.25,5868,1.012
46,2.1,4.17,5918,0.8958
172,2.4,4.31,10726,25.0452
71,1.31,2.83,7426,2.5598
33,0.95,3.87,4597,0.3921
28,0.87,3.97,4082,0.4732
70,2.39,3.75,6830,2.5832
306,2.37,4.26,14801,23.4191
337,1.75,2.25,16157,27.817
107,1.0,4.81,8202,7.3407
46,2.23,3.93,6226,0.9114
339,1.92,2.18,16072,28.1309
123,2.37,2.17,9265,9.877
31,1.28,2.93,4569,0.3577
104,1.7,3.41,8556,6.4253
237,1.09,1.93,14545,14.8351
105,0.89,4.47,8904,6.9077
94,0.55,2.76,8684,4.9925
65,0.52,3.76,6471,2.1238
132,2.04,2.86,9294,12.1826
21,2.0,4.98,3908,0.2138
70,1.1,1.51,7168,2.5259
23,1.43,2.21,4199,0.2835
160,1.47,1.68,11240,20.9243
101,2.49,4.86,9072,6.0687
35,0.96,3.61,4810,0.466
331,1.58,4.14,15648,27.3478
75,2.22,1.81,7121,2.9931
151,1.25,3.96,10040,17.1735
44,2.33,1.74,5484,0.7726
214,1.48,4.94,12117,12.2245
383,1.58,4.11,17191,35.7221
39,1.18,4.2,5298,0.5717
119,1.99,3.64,9116,9.1956
37,1.13,1.6,5526,0.5111
347,2.37,4.04,15880,29.6892
48,1.59,4.72,6124,0.9759
207,1.16,3.56,13640,12.1759
25,0.57,4.62,4364,0.338
84,2.17,2.27,7625,3.8078
37,1.62,4.99,5556,0.5414
188,0.75,3.15,12334,31.1909
349,2.38,1.55,16393,30.0809
210,1.86,3.64,12416,12.188
22,1.45,3.59,4408,0.2521
40,1.92,3.28,5231,0.6369
99,1.79,3.95,8890,6.0514
235,1.81,2.65,13747,14.8797
77,1.11,3.04,7715,3.1094
30,0.59,3.58,4760,0.5691
218,2.31,4.22,12388,12.953
172,0.8,2.58,11867,24.5703
195,1.31,1.64,12480,34.5158
32,2.29,4.38,5088,0.3868
24,0.75,3.47,4082,0.3167
278,1.85,3.71,14484,19.893
302,0.83,4.62,15016,23.0451
315,0.88,4.14,15835,24.7109
38,1.27,3.27,5691,0.5533
212,1.31,4.06,12089,12.2171
25,0.55,3.36,4960,0.3462
73,1.49,4.99,7562,2.6929
20,1.98,4.84,4394,0.1994
108,1.01,3.58,8523,7.334
40,2.16,2.35,5119,0.6516
39,1.43,4.34,5954,0.5906
66,1.05,1.85,7057,2.1676
53,2.22,4.28,6442,1.1859
276,1.08,4.37,14170,19.6715
44,0.63,2.24,5744,0.7949
328,0.94,4.84,15155,26.5049
114,2.49,3.29,9151,8.3995
68,0.89,3.51,6865,2.2836
20,1.87,3.96,3951,0.1982
74,1.09,1.52,7488,2.8814
138,1.54,4.0,10049,14.9092
48,2.16,4.44,5568,1.0231
35,2.1,2.31,5721,0.4692
270,2.21,3.82,14254,19.6708
126,0.81,4.67,9961,11.0759
49,1.86,3.32,6291,1.0229
103,2.45,3.04,9232,6.28
32,1.07,1.95,4322,0.3726
149,1.64,3.95,10082,17.1312
313,1.72,4.93,15575,24.4576
118,1.92,3.48,9025,9.2971
31,2.11,2.62,5850,0.3498
259,1.55,4.6,13527,16.8018
41,0.79,3.69,5580,0.678
333,0.96,3.76,16129,27.5456
92,1.63,4.03,8449,4.8066
149,1.94,1.59,9646,16.7881
48,2.02,2.14,5529,0.9773
62,2.35,4.81,6535,1.8118
164,1.41,2.66,10889,21.5638
100,1.13,3.97,8100,6.0395
58,2.43,2.0,6989,1.5743
71,1.17,4.1,7662,2.5812
34,2.14,3.38,5107,0.4332
40,0.84,4.79,6035,0.6368
42,1.42,4.12,5129,0.7303
73,2.03,3.34,7171,2.7632
95,1.75,3.65,7744,5.2841
24,0.93,3.64,4623,0.3227
349,0.69,1.77,21399,29.5965
111,2.18,3.7,8890,7.8225
211,1.21,3.76,12346,12.1062
65,0.52,4.85,6963,2.0226
86,0.57,3.4,7767,4.2125
142,1.82,3.25,10054,15.3342
22,1.47,4.21,4606,0.2531
398,1.63,3.03,17569,38.4589
181,1.37,2.1,11422,28.0335
189,1.66,1.82,11777,32.6339
35,0.71,2.36,5216,0.4726
253,0.98,2.51,14767,16.6514
91,2.01,1.64,8483,4.7331
324,0.65,4.92,15969,26.4704
177,0.98,1.77,12312,26.8674
65,0.96,2.82,6653,2.0602
158,1.39,2.85,9924,19.6863
37,1.66,2.55,5079,0.5335
61,2.27,3.76,6862,1.7833
91,2.24,3.61,8182,4.7676
135,1.85,1.51,9528,13.0128
159,1.43,2.83,10360,19.9977
49,1.63,4.73,6176,1.0402
106,1.7,4.69,8728,7.1408
203,2.14,2.74,12352,11.7426
74,1.0,3.74,6742,2.9706
63,0.91,2.39,7501,1.8787
265,2.21,2.71,13888,19.1661
145,0.67,3.69,10947,15.7853
134,2.23,3.4,9862,12.6997
256,1.39,2.9,13380,16.9532
207,1.38,2.01,12396,11.7979
71,1.62,2.26,6613,2.5454
41,2.31,1.7,5993,0.6658
108,1.03,2.88,8846,7.2756
28,2.5,3.01,4652,0.4795
314,0.69,3.88,16590,24.4494
88,2.08,3.86,7804,4.2893
97,1.94,1.65,8492,5.5316
233,2.09,4.48,13281,14.8352
37,1.35,2.96,5042,0.5703
216,2.36,3.77,12232,12.6502
45,1.88,3.44,5413,0.8429
138,1.2,1.79,10252,13.799
346,0.9,4.07,16516,29.7127
291,1.72,3.68,15101,21.4199
133,1.93,1.68,9949,12.4734
75,1.12,2.88,7311,2.9245
81,0.61,4.36,7936,3.5758
34,0.87,3.9,5464,0.4419
52,0.55,4.11,6239,1.1756
30,0.61,2.18,5366,0.5713
375,1.99,3.69,16584,34.4016
25,1.44,4.8,4352,0.3382
116,0.55,4.85,8919,9.1564
60,2.3,2.92,6893,1.719
108,2.02,1.85,9188,7.2285
398,0.74,4.68,17694,37.8223
136,2.29,2.91,10118,13.6432
91,0.77,2.54,8778,4.8703
44,2.46,2.26,5680,0.7854
26,1.48,4.13,4435,0.3911
45,2.49,2.2,6075,0.8402
254,2.0,2.36,14157,16.6607
48,1.14,2.88,6185,1.01
30,1.45,4.29,4879,0.5674
282,0.59,2.85,16931,20.0569
154,1.02,2.12,10342,18.8611
30,1.86,2.66,5195,0.571
37,1.56,2.33,5448,0.5294
39,2.44,3.83,6106,0.5773
121,2.24,4.02,9242,10.0513
75,1.1,1.65,7539,2.9614
58,1.38,4.73,6537,1.6013
359,1.37,4.26,16426,31.4827
142,0.53,4.64,9995,14.8263
20,0.66,1.79,4152,0.2023
22,0.6,4.08,4428,0.2565
97,2.5,3.44,8651,5.4916
196,1.06,3.84,11639,34.7241
162,2.45,4.46,10131,21.3946
177,0.75,4.46,10925,27.0234
63,2.25,2.29,7117,1.8911
20,1.96,2.8,3457,0.1976
193,2.29,1.86,11824,33.187
265,1.77,4.2,14109,18.3128
142,1.58,2.62,9570,15.1705
88,2.24,1.74,7699,4.3141
272,1.39,4.68,14625,19.3029
56,0.8,4.3,6767,1.4516
255,1.4,2.39,13528,16.9877
76,1.1,2.42,7126,3.0977
35,2.11,3.23,5280,0.4766
173,0.97,3.0,11422,27.0193
83,0.89,3.4,7618,4.1117
29,0.75,3.42,4510,0.5817
53,2.46,2.79,6381,1.3916
45,0.96,2.84,5350,0.9033
43,1.85,3.35,5722,0.801
80,0.75,3.53,7803,4.0228
23,0.61,2.58,3746,0.3198
43,1.26,3.15,5862,0.8171
72,1.88,2.16,7071,2.9123
64,0.99,2.3,6677,2.1396
182,1.48,3.09,11707,30.8357
223,2.26,2.75,13042,13.2927
38,2.21,4.27,5004,0.5911
125,2.0,3.79,10127,10.8546
231,1.28,4.28,13048,14.3464
39,1.45,4.59,5279,0.5895
66,1.89,3.33,6914,2.2489
291,1.58,2.39,14477,21.5585
259,1.94,3.07,14123,17.2045
133,1.5,4.77,9611,12.6944
65,0.58,2.21,7471,2.1586
159,1.32,2.35,10424,20.0494
206,0.88,2.8,13267,11.7795
239,1.99,2.28,13394,15.1126
27,0.62,4.63,3919,0.4201
303,1.7,2.62,14743,22.7162
48,1.83,3.16,6610,0.9819
44,2.14,2.2,5324,0.8285
33,2.46,3.23,5015,0.4169
39,1.55,1.75,5971,0.5946
325,1.5,1.58,16461,26.4588
77,1.62,2.73,7385,3.1439
51,1.56,4.85,6319,1.2094
238,2.43,2.46,13610,15.2258
227,1.97,4.93,13225,13.8186
99,1.07,3.89,8811,5.745
164,2.25,1.68,11156,21.4287
176,1.73,1.72,10946,26.4615
41,1.67,1.78,5516,0.674
101,2.15,2.75,8466,6.3411
75,1.6,1.98,7675,3.0516
91,2.33,2.33,8005,4.7746
23,0.7,1.96,4203,0.2729
62,1.15,1.88,6528,1.8722
87,0.96,2.94,7865,4.097
20,2.19,2.16,3547,0.198
75,1.65,2.67,7608,2.9711
34,2.04,3.03,5102,0.4289
38,1.57,2.48,5342,0.5802
34,1.73,2.7,4849,0.4251
83,1.85,2.56,7617,3.7373
156,1.66,2.36,10294,19.2314
56,0.63,4.58,6317,1.4626
189,1.36,2.42,11851,31.2647
35,1.96,3.02,5403,0.455
98,2.24,2.91,8420,5.6407
84,1.56,3.06,8313,3.8167
323,1.13,1.81,17699,25.6064
196,1.74,1.77,11530,34.4701
206,1.05,2.49,12609,11.4375
36,2.2,1.93,5733,0.5179
257,1.22,4.66,13465,16.5737
26,2.17,1.75,4403,0.3943
188,1.46,3.51,10959,30.6471
287,0.55,3.77,15450,21.0194
36,1.46,3.05,5656,0.5195
20,0.77,2.34,3821,0.2068
56,2.08,3.71,6633,1.4809
109,2.04,2.69,8891,7.4252
398,2.38,2.29,18361,38.2906
232,0.66,4.21,14141,14.3215
351,1.58,2.16,16522,30.2737
227,0.7,4.59,13658,13.8913
57,1.33,2.58,6709,1.5136
62,1.8,1.65,6296,1.8291
283,2.01,3.91,14405,20.4024
336,1.9,1.69,16080,30.3258
117,1.25,3.62,8798,9.6467
20,0.74,4.42,3607,0.206
62,1.44,2.77,6632,1.8565
343,2.3,4.94,16451,30.4727
147,0.77,4.15,10397,17.1002
51,1.93,4.81,6046,1.1434
105,2.46,1.51,8476,7.2864
70,1.91,4.31,7265,2.6903
319,1.63,3.71,15303,26.9193
322,0.75,4.94,15426,27.8159
37,1.56,3.52,4636,0.5208
104,0.79,2.56,9445,6.8324
183,1.25,4.1,11634,30.8396
173,2.48,1.9,11059,28.0105
83,0.84,2.67,7909,4.146
21,2.42,4.6,4043,0.2394
139,0.89,4.32,9838,15.3021
67,2.39,2.84,7105,2.299
338,2.1,4.95,15484,30.6871
26,1.0,3.27,4848,0.4188
72,1.88,2.35,7359,2.7998
127,0.96,1.65,10628,12.0531
30,2.11,3.58,5191,0.6313
91,0.59,3.69,8539,5.031
105,1.72,2.34,8617,7.3814
209,1.23,4.41,12560,12.7723
121,1.18,1.57,9325,10.631
54,1.36,2.61,6631,1.425
188,1.51,3.12,11654,33.6028
280,2.13,2.87,14167,22.2378
56,1.63,4.08,6311,1.5124
138,2.01,1.57,9881,14.8818
95,0.56,4.74,8208,5.8853
58,1.07,1.75,6437,1.6706
77,0.89,1.85,8459,3.3577
87,1.91,2.61,8397,4.581
103,1.14,2.96,8744,6.9699
163,1.73,3.05,11150,23.1786
28,1.21,3.92,4392,0.5226
23,0.51,2.82,4517,0.2986
88,1.41,3.67,8011,4.5464
135,0.57,3.34,11217,13.5901
55,1.73,1.86,6330,1.3809
21,1.05,2.31,4267,0.2178
70,1.82,1.53,6573,2.5552
24,2.2,4.08,3524,0.337
76,2.4,1.58,7327,3.0842
154,1.53,2.03,10278,18.271
249,2.1,1.79,13760,15.7439
113,1.53,3.92,8584,8.0458
22,1.34,4.54,3952,0.2698
192,1.07,4.48,11815,33.3849
92,1.2,4.61,8317,4.7684
31,0.76,4.18,4640,0.3536
217,1.33,2.03,13344,13.0814
27,2.41,2.39,5335,0.4151
146,1.38,1.68,10377,16.1521
37,1.91,1.78,5827,0.5177
315,1.94,2.68,15478,24.3442
143,2.12,2.67,10156,15.4711
46,0.89,1.74,5560,0.9544
319,0.98,4.7,15482,26.7777
80,2.3,3.61,7472,3.6705
53,1.67,3.47,6281,1.2756
162,2.44,4.44,11533,23.2167
44,1.05,2.73,5405,0.8205
158,1.39,3.3,11106,21.2216
270,1.54,4.71,14079,20.8478
104,1.56,4.51,9216,7.3676
90,0.73,1.62,9284,5.0216
74,2.4,3.56,8242,3.019
68,1.06,2.59,7380,2.448
97,0.69,1.61,10282,5.8425
27,1.21,3.28,4531,0.4496
233,1.6,4.42,13084,15.7916
220,1.42,3.73,13014,14.4733
361,1.04,1.65,18594,34.4725
90,1.37,2.81,8506,4.9239
279,0.54,2.43,17883,20.8252
81,1.24,2.53,7989,3.6287
25,1.18,2.84,4005,0.3507
61,2.16,3.34,6818,1.8062
58,2.45,2.72,6923,1.6685
105,1.15,1.76,8589,7.3246
181,1.72,3.19,11422,31.2132
114,2.4,2.33,8932,9.0059
67,2.09,1.79,7367,2.3824
178,1.54,1.59,11496,29.1018
147,1.72,3.18,10180,17.3394
47,2.04,3.47,5789,0.9762
232,1.21,3.23,12804,15.6782
25,2.25,3.37,4917,0.3846
32,1.28,1.64,4849,0.4108
363,1.17,2.37,17019,34.452
38,0.84,1.74,5248,0.5923
44,1.81,2.66,5795,0.8316
67,0.76,1.94,8442,2.3099
174,1.87,2.48,10572,27.3934
40,1.11,3.15,5500,0.6886
92,1.45,4.26,7736,5.1203
57,0.67,3.53,6728,1.5415
57,2.41,3.31,6095,1.5564
214,1.08,3.9,12538,13.2883
95,0.7,1.62,9480,5.7092
22,2.42,2.75,4159,0.2704
340,1.66,3.89,16047,32.1767
165,1.54,2.01,10627,23.3125
82,0.89,4.09,6952,3.8481
281,1.23,4.61,14203,22.5683
354,2.43,2.54,16225,30.6737
80,1.28,3.78,7566,3.5941
142,1.13,3.84,9553,15.1188
22,0.91,4.48,3977,0.2553
313,2.36,4.92,14709,23.4976
41,2.49,4.58,5630,0.656
288,2.39,3.89,14003,20.2175
45,2.19,2.59,5632,0.8288
97,2.15,4.23,8477,5.6998
22,2.5,4.92,4083,0.2658
369,1.89,2.43,16342,32.4327
156,2.11,2.57,10321,19.2111
139,1.37,4.4,10367,13.8278
44,2.41,2.95,5975,0.7861
46,1.41,3.84,5666,0.8762
149,1.65,2.33,10286,16.8679
234,0.78,3.49,13664,14.5261
236,1.84,2.32,13165,14.8766
238,1.1,4.31,13392,14.8159
335,2.17,4.07,16132,27.5885
66,2.5,3.67,7307,2.1432
72,0.78,3.72,7148,2.6613
31,2.2,2.37,5152,0.3524
197,1.57,3.36,11904,35.325
45,0.55,3.85,5403,0.8904
264,1.84,4.97,13781,19.9632
188,2.45,3.61,11778,33.7789
111,2.21,4.83,9075,8.4784
26,1.41,3.19,4927,0.4183
52,1.25,2.15,6252,1.245
320,1.66,2.59,15850,28.2107
230,1.81,2.03,13441,15.1997
207,1.16,3.66,12612,12.9109
160,0.72,4.54,10782,22.11
338,0.93,4.48,15673,29.9366
161,1.44,3.82,10814,22.1647
28,2.25,4.4,4827,0.5092
113,2.19,2.91,8863,8.4623
89,1.55,3.57,7866,4.8125
46,1.1,4.64,6192,0.9753
64,1.76,3.05,6798,2.1363
32,2.01,2.77,4442,0.4319
58,0.83,1.88,6707,1.7191
26,1.8,4.62,4876,0.4277
287,2.39,2.76,15473,23.4521
65,1.05,2.11,7146,2.1432
40,1.85,1.81,5642,0.6604
25,1.47,2.58,3980,0.3647
59,0.84,2.33,6839,1.6587
211,2.28,3.87,12308,13.7244
68,1.48,2.44,7398,2.3823
28,1.65,3.13,4206,0.5101
122,1.37,3.64,9253,10.7199
63,1.59,2.11,6290,2.0325
126,1.21,4.83,9278,11.6052
108,0.81,4.64,8788,7.7513
56,0.58,4.84,6176,1.5088
231,1.39,3.18,13257,15.1002
27,2.23,3.75,4434,0.4133
105,1.0,4.91,8950,7.015
42,0.58,4.2,5918,0.7291
50,1.78,3.57,6065,1.1149
20,0.9,4.37,3785,0.199
54,1.83,2.9,6665,1.3468
49,1.67,1.68,5888,1.0349
232,1.3,4.9,12726,14.2862
42,2.34,1.86,5436,0.7287
50,2.15,3.64,6298,1.1461
28,2.22,2.91,4520,0.4763
122,1.3,3.8,9643,10.0572
74,2.33,4.93,7573,2.7609
154,1.1,4.04,10942,18.5641
286,2.42,1.96,15431,20.6309
168,1.64,3.45,10854,23.291
198,1.66,2.91,11661,38.5593
214,1.52,4.11,12771,13.5786
43,1.29,4.62,5518,0.8396
72,1.41,1.57,7234,2.8832
50,0.65,4.87,6529,1.1931
341,1.11,3.11,16369,30.8271
40,2.2,2.23,6083,0.6883
25,1.42,3.46,4258,0.3664
62,2.28,2.62,6226,1.9537
200,1.38,2.7,11734,38.3437
151,1.47,4.17,10450,17.5005
24,1.5,2.44,4421,0.3147
299,0.82,4.61,15686,22.2419
366,1.47,3.69,16345,32.2027
131,2.15,3.83,9196,12.2579
49,1.41,4.7,5688,0.9939
191,0.85,3.56,12150,32.3522
60,1.75,2.23,6833,1.7137
31,2.33,2.9,4587,0.3593
331,2.06,4.32,15463,26.7658
113,1.46,4.07,8921,8.1988
32,1.1,1.73,5151,0.3914
250,1.9,3.98,13515,17.5302
52,1.44,3.79,6309,1.2993
74,0.77,2.8,7850,3.0797
39,1.95,4.53,6074,0.6674
38,2.38,3.0,5389,0.576
106,1.51,2.34,9180,7.6083
108,0.85,4.28,8629,8.0775
160,1.5,4.43,10529,22.4047
74,2.36,2.04,7030,2.9972
205,1.79,4.78,12523,12.4914
188,1.21,4.55,11066,32.4775
149,1.81,1.66,10203,17.8982
240,0.8,2.42,15085,16.5237
152,2.06,4.05,10422,19.4017
265,1.18,3.88,13851,19.611
85,2.21,1.76,7785,4.3817
184,2.34,4.92,11545,31.0769
122,1.33,1.67,9488,11.0878
140,0.93,4.52,10071,15.8152
190,0.72,4.05,11768,33.6466
52,2.42,1.99,6055,1.2322
34,2.42,1.59,5994,0.4353
24,2.29,4.44,3765,0.3384
207,1.01,4.18,12821,12.633
43,2.23,2.04,5707,0.7673
43,1.31,1.72,6059,0.7731
46,0.75,1.51,5994,0.9563
172,1.21,3.8,11524,26.3297
356,2.29,4.52,16522,31.2648
37,0.71,4.96,5255,0.5215
327,1.0,3.01,15983,26.2592
239,1.49,2.84,13636,15.2537
127,1.25,3.92,9220,12.1042
95,2.41,4.09,7651,5.5935
70,1.93,1.64,6993,2.8433
43,2.11,3.33,5809,0.8291
43,1.53,2.48,5668,0.7875
123,2.18,1.59,9528,10.9693
58,0.78,4.82,6354,1.6233
35,1.43,3.74,5074,0.487
83,1.91,1.93,7944,4.025
53,2.22,3.11,6593,1.2791
203,1.94,4.38,12375,12.5106
107,2.24,4.32,8867,7.8096
110,1.72,4.85,8716,8.082
39,2.26,3.13,5633,0.6171
139,1.95,2.03,10168,15.1447
43,2.13,1.77,6160,0.7588
25,1.93,2.29,4974,0.3667
90,1.7,4.99,8189,4.944
91,2.05,4.04,7722,5.3073
56,1.77,3.2,6244,1.58
353,1.25,2.92,16521,32.7038
39,2.4,4.76,6232,0.6328
109,2.15,3.15,8346,7.9065
59,2.25,2.8,6486,1.7005
21,2.33,4.54,4160,0.2349
134,2.42,2.78,9649,13.4068
213,1.45,1.83,12669,12.789
43,0.89,2.74,5410,0.7594
45,1.01,3.69,5720,0.8682
34,1.46,4.7,4494,0.4322
61,0.61,3.59,6653,1.7733
41,1.99,3.73,5583,0.6665
56,0.89,3.04,6292,1.4586
22,2.22,2.61,3834,0.292
21,2.19,2.71,4567,0.2275
370,1.59,4.51,16665,36.3574
56,2.03,4.96,6963,1.5055
316,1.33,4.05,14997,26.5461
47,1.58,4.55,6082,0.9654
171,1.57,2.93,10979,26.3552
33,2.14,4.01,5292,0.438
193,0.58,4.42,12666,35.4161
94,1.55,2.89,8315,5.6442
44,1.47,4.47,6320,0.8375
53,1.82,1.57,6130,1.291
116,2.49,2.22,9702,9.2984
107,2.26,4.9,9050,7.1998
54,1.77,3.52,6249,1.3504
32,1.93,3.89,5118,0.4064
109,2.4,2.14,8789,8.1723
23,1.49,2.57,3720,0.298
353,0.81,2.1,19515,31.8815
147,1.23,4.58,10294,16.9127
198,1.48,4.91,12235,37.7123
96,0.81,3.98,8356,5.774
64,2.01,2.42,7232,2.0865
25,0.97,3.54,4574,0.3728
57,1.44,4.81,6269,1.603
322,1.0,3.57,15772,27.702
168,1.09,3.23,10690,23.7697
29,0.9,2.39,4395,0.5405
225,1.66,4.02,13194,14.8118
102,1.15,4.74,8049,6.7737
357,2.24,3.42,16428,34.2086
57,1.29,3.37,6397,1.5897
87,1.28,2.56,7744,4.5324
290,1.25,3.57,14788,22.7588
55,2.49,2.38,6135,1.4137
334,1.21,2.33,16337,28.5288
244,1.16,1.92,14115,17.2605
144,1.18,2.65,10447,16.5027
217,0.92,2.33,13413,12.8738
107,1.16,4.85,8646,7.304
57,1.44,4.34,6700,1.5155
382,0.87,2.5,19337,35.5383
92,1.32,3.22,7950,5.3224
140,2.33,4.88,10073,15.43
350,2.05,4.22,16296,32.2487
30,1.15,4.51,5010,0.5729
171,1.55,3.73,10695,24.3845
30,1.59,1.86,4698,0.6122
234,0.88,4.64,13252,14.5771
346,1.4,1.83,16700,30.5303
80,0.7,3.0,7750,3.5971
123,0.73,2.72,9877,10.6313
92,2.2,1.79,8424,5.2977
192,1.22,4.09,11791,35.7745
119,2.19,3.8,8950,9.8515
182,1.89,2.32,11290,30.3014
111,0.55,2.12,9861,8.2737
25,1.72,3.87,4942,0.3671
63,1.45,2.32,6613,2.0128
51,2.5,2.93,6075,1.2064
155,2.07,1.67,10651,20.2583
68,1.05,3.81,6759,2.3661
23,0.51,3.16,4513,0.2793
34,1.32,1.57,4959,0.4401
44,1.69,4.41,5336,0.8035
38,2.34,1.71,4810,0.5621
52,0.84,2.22,5801,1.2337
138,1.84,3.18,9494,14.0905
93,1.6,3.34,7878,4.8946
20,0.82,3.13,3554,0.2022
278,1.2,3.64,13780,20.1602
30,0.92,4.63,5065,0.5878
36,1.62,2.76,4974,0.5123
232,1.9,1.57,12689,14.4929
397,1.57,3.26,17514,37.6416
36,2.04,4.79,5451,0.5221
339,0.65,1.98,21052,28.2369
265,1.01,3.0,14705,18.6202
211,1.41,4.49,12011,12.2822
101,1.45,4.93,9255,6.3276
164,0.6,2.9,11935,22.8057
126,1.23,4.37,9443,12.1038
64,0.69,3.51,6438,2.2079
148,1.57,4.55,10037,18.4311
20,1.26,2.62,3901,0.2126
22,2.01,3.33,4183,0.2705
31,1.53,1.98,5058,0.3511
51,2.19,3.83,6047,1.19
272,2.5,3.18,13967,20.682
178,2.17,4.91,10916,28.6736
205,0.75,2.12,14083,12.7188
50,2.22,2.74,5941,1.2278
90,2.37,3.18,8797,5.4722
223,1.87,4.56,12589,14.2958
30,1.51,2.71,3913,0.6327
339,1.42,3.0,15579,30.1374
23,2.13,2.77,4398,0.2813
73,2.22,4.64,7490,2.9117
73,2.33,2.07,6783,2.7877
39,1.96,3.93,5447,0.5854
103,2.06,4.22,8576,6.6144
255,1.51,4.2,13455,17.9055
338,1.41,1.69,17176,30.1144
30,0.64,2.54,5178,0.639
35,1.41,2.27,5448,0.493
33,2.29,4.62,5225,0.4113
123,0.77,3.18,10307,10.7542
69,0.82,1.59,7766,2.4083
55,1.38,4.33,6303,1.3799
64,1.49,2.71,7172,1.9938
34,1.17,4.81,5057,0.4395
103,0.63,1.72,10291,6.6152
133,2.35,2.01,9920,13.2006
82,1.66,4.01,7773,3.6489
33,1.68,3.12,4749,0.3932
40,1.4,4.76,5603,0.6558
182,1.29,3.39,11299,30.7909
28,1.65,1.55,5138,0.5013
148,1.89,2.87,9997,17.1526
269,1.85,4.69,13698,19.49
33,1.06,3.95,4093,0.3847
33,2.13,2.51,5512,0.3874
28,2.49,2.72,4618,0.5013
39,2.14,1.79,6179,0.5809
353,2.23,2.25,16027,32.7565
311,1.06,2.48,16400,26.0272
31,1.47,1.63,4591,0.3537
30,1.25,3.38,5048,0.5992
21,1.31,1.61,3754,0.2216
151,1.91,4.48,10080,18.4375
83,0.89,4.14,7887,3.9253
25,0.93,3.19,3980,0.3563
255,1.08,2.43,13850,17.6365
207,2.03,1.65,12470,12.4796
99,2.33,4.25,8239,5.9627
190,1.87,4.54,11855,34.0307
21,2.2,3.69,3719,0.2231
20,0.62,2.25,3935,0.2082
32,1.2,4.35,5141,0.3857
22,2.01,4.16,3226,0.2657
112,0.62,4.31,9102,8.3708
62,1.84,3.24,6638,1.8618
165,1.23,2.92,11158,23.2262
33,1.74,3.63,4649,0.3737
23,1.09,2.4,3860,0.2845
43,1.98,2.64,5983,0.7776
85,2.06,2.95,8113,4.2217
52,2.31,1.95,6106,1.2282
112,0.74,2.98,9393,8.3504
120,0.83,1.76,10338,10.4834
106,1.42,4.14,8656,7.4803
156,0.74,2.89,11624,20.3567
74,1.18,4.13,7121,2.9146
25,2.48,3.66,5381,0.358
34,1.24,1.97,5141,0.4282
31,2.05,2.32,5116,0.3513
25,2.28,3.17,4562,0.3546
162,1.35,1.92,11121,22.1059
145,2.5,2.37,10605,16.7276
20,1.25,2.74,4265,0.2103
24,2.35,3.08,3572,0.3328
83,1.4,3.6,7561,3.9817
91,1.73,3.26,8296,5.1434
242,0.69,2.58,14660,16.4083
21,1.57,2.74,4147,0.2236
111,1.5,3.74,8877,8.2531
220,0.56,1.68,17611,14.0332
29,1.95,4.42,4784,0.5273
170,0.59,2.05,13273,25.4867
21,0.88,4.67,4022,0.2245
49,1.62,3.95,6071,1.0696
281,1.9,2.02,14641,21.1813
366,2.31,2.55,16429,34.9899
193,1.93,4.4,11224,32.9641
30,1.93,2.83,4387,0.5801
383,2.04,1.99,17369,35.4806
35,0.86,2.11,4906,0.4752
192,1.34,2.57,12004,33.7064
248,1.66,3.94,13343,16.4762
302,1.02,3.6,15282,23.0562
